{
    "$schema": "https://schema.management.azure.com/schemas/2019-04-01/deploymentTemplate.json#",
    "contentVersion": "1.0.0.0",
    "parameters": {
        "namespaces_ehnstestak_name": {
            "defaultValue": "ehnstestak",
            "type": "String"
        }
    },
    "variables": {},
    "resources": [
        {
            "type": "Microsoft.EventHub/namespaces",
            "apiVersion": "2023-01-01-preview",
            "name": "[parameters('namespaces_ehnstestak_name')]",
            "location": "West Europe",
            "sku": {
                "name": "Standard",
                "tier": "Standard",
                "capacity": 1
            },
            "properties": {
                "minimumTlsVersion": "1.2",
                "publicNetworkAccess": "Enabled",
                "disableLocalAuth": false,
                "zoneRedundant": true,
                "isAutoInflateEnabled": false,
                "maximumThroughputUnits": 0,
                "kafkaEnabled": true
            }
        },
        {
            "type": "Microsoft.EventHub/namespaces/authorizationrules",
            "apiVersion": "2023-01-01-preview",
            "name": "[concat(parameters('namespaces_ehnstestak_name'), '/RootManageSharedAccessKey')]",
            "location": "westeurope",
            "dependsOn": [
                "[resourceId('Microsoft.EventHub/namespaces', parameters('namespaces_ehnstestak_name'))]"
            ],
            "properties": {
                "rights": [
                    "Listen",
                    "Manage",
                    "Send"
                ]
            }
        },
        {
            "type": "Microsoft.EventHub/namespaces/eventhubs",
            "apiVersion": "2023-01-01-preview",
            "name": "[concat(parameters('namespaces_ehnstestak_name'), '/expenses')]",
            "location": "westeurope",
            "dependsOn": [
                "[resourceId('Microsoft.EventHub/namespaces', parameters('namespaces_ehnstestak_name'))]"
            ],
            "properties": {
                "retentionDescription": {
                    "cleanupPolicy": "Delete",
                    "retentionTimeInHours": 24
                },
                "messageRetentionInDays": 1,
                "partitionCount": 1,
                "status": "Active"
            }
        },
        {
            "type": "Microsoft.EventHub/namespaces/networkrulesets",
            "apiVersion": "2023-01-01-preview",
            "name": "[concat(parameters('namespaces_ehnstestak_name'), '/default')]",
            "location": "westeurope",
            "dependsOn": [
                "[resourceId('Microsoft.EventHub/namespaces', parameters('namespaces_ehnstestak_name'))]"
            ],
            "properties": {
                "publicNetworkAccess": "Enabled",
                "defaultAction": "Allow",
                "virtualNetworkRules": [],
                "ipRules": [],
                "trustedServiceAccessEnabled": false
            }
        },
        {
            "type": "Microsoft.EventHub/namespaces/eventhubs/authorizationrules",
            "apiVersion": "2023-01-01-preview",
            "name": "[concat(parameters('namespaces_ehnstestak_name'), '/expenses/policy')]",
            "location": "westeurope",
            "dependsOn": [
                "[resourceId('Microsoft.EventHub/namespaces/eventhubs', parameters('namespaces_ehnstestak_name'), 'expenses')]",
                "[resourceId('Microsoft.EventHub/namespaces', parameters('namespaces_ehnstestak_name'))]"
            ],
            "properties": {
                "rights": [
                    "Manage",
                    "Listen",
                    "Send"
                ]
            }
        },
        {
            "type": "Microsoft.EventHub/namespaces/eventhubs/consumergroups",
            "apiVersion": "2023-01-01-preview",
            "name": "[concat(parameters('namespaces_ehnstestak_name'), '/expenses/$Default')]",
            "location": "westeurope",
            "dependsOn": [
                "[resourceId('Microsoft.EventHub/namespaces/eventhubs', parameters('namespaces_ehnstestak_name'), 'expenses')]",
                "[resourceId('Microsoft.EventHub/namespaces', parameters('namespaces_ehnstestak_name'))]"
            ],
            "properties": {}
        }
    ]
}